Directory,SSIM,PSNR,MSE,R2,LPIPS,MS-SSIM,Night_SA,Day_SA,Night_DA,Day_DA,Illumination_Accuracy
Nightdiff,0.5091751,12.844121681970027,3741.250598186917,0.38189400006291696,0.5808413922786713,0.27645063648621243,0.9631494769075537,0.9646021109281235,0.896365719725111,0.9480821848835546,0.8196266294904803
baseline\CycleGAN,0.45733443,12.136818333840141,4277.625405926175,0.1508312949963855,0.6773033857345581,0.1867632421354453,0.9622034030627176,0.959832321192167,0.8955182219246193,0.9178988146949005,0.7691928900430397
baseline\GPT4o,0.34114444,10.838867731434464,6131.78430557251,0.0020051290381452075,0.6783928990364074,0.14392603561282158,0.9736470661248585,0.9710449823581633,0.8853574025167833,0.9209274593259331,0.6133547653148154
baseline\Pix2Pix,0.5153352,13.07286275028909,3705.8452211591934,0.3096417810810079,0.7067986249923706,0.27421695441007615,0.6548124667478421,0.6626721988689019,0.8870013620017121,0.8745014201043187,0.7982649448709884
baseline\SD_lora,0.33768204,10.174240123512286,6760.069936498006,0.024366424656506125,0.6671979109446208,0.12842550252874693,0.9613896055347689,0.9645449808139506,0.8871621280583347,0.945706156805496,0.761660947581923
baseline\VAE,0.420074,12.508113682504655,4044.4350165049236,0.2113404837523708,0.8444544414679209,0.10157029330730438,0.341318795600687,0.6166013163071885,0.8839078844390628,0.8742156840609017,0.737314077866808
